1000000US360710152001091,3.61E+14,"Block 1091, Block Group 1, Census Tract 152, Orange County, New York",1,41.4722324,-74.2042987
1000000US360710152002064,3.61E+14,"Block 2064, Block Group 2, Census Tract 152, Orange County, New York",1,41.4453982,-74.1727937
1000000US360710152006089,3.61E+14,"Block 6089, Block Group 6, Census Tract 152, Orange County, New York",1,41.4541442,-74.0856186
1000000US360710126023003,3.61E+14,"Block 3003, Block Group 3, Census Tract 126.02, Orange County, New York",1,41.4584172,-74.0581719
1000000US360710127002012,3.61E+14,"Block 2012, Block Group 2, Census Tract 127, Orange County, New York",1,41.4896814,-74.023021
1000000US360710152002066,3.61E+14,"Block 2066, Block Group 2, Census Tract 152, Orange County, New York",2,41.4484697,-74.1581571
1000000US360710152006082,3.61E+14,"Block 6082, Block Group 6, Census Tract 152, Orange County, New York",2,41.4573777,-74.0722291
1000000US360710152006085,3.61E+14,"Block 6085, Block Group 6, Census Tract 152, Orange County, New York",2,41.453936,-74.0701258
1000000US360710126012010,3.61E+14,"Block 2010, Block Group 2, Census Tract 126.01, Orange County, New York",2,41.4850562,-74.071214
1000000US360710127004006,3.61E+14,"Block 4006, Block Group 4, Census Tract 127, Orange County, New York",2,41.4821486,-74.0161064
1000000US360710128003050,3.61E+14,"Block 3050, Block Group 3, Census Tract 128, Orange County, New York",2,41.4575965,-74.0242613
1000000US360710152001037,3.61E+14,"Block 1037, Block Group 1, Census Tract 152, Orange County, New York",3,41.4821409,-74.1580709
1000000US360710152002024,3.61E+14,"Block 2024, Block Group 2, Census Tract 152, Orange County, New York",3,41.4586861,-74.1423295
1000000US360710152002036,3.61E+14,"Block 2036, Block Group 2, Census Tract 152, Orange County, New York",3,41.4543064,-74.1415498
1000000US360710152003055,3.61E+14,"Block 3055, Block Group 3, Census Tract 152, Orange County, New York",3,41.4904341,-74.1088852
1000000US360710152005032,3.61E+14,"Block 5032, Block Group 5, Census Tract 152, Orange County, New York",3,41.442905,-74.1719469
1000000US360710126012004,3.61E+14,"Block 2004, Block Group 2, Census Tract 126.01, Orange County, New York",3,41.4929784,-74.0766747
1000000US360710126022000,3.61E+14,"Block 2000, Block Group 2, Census Tract 126.02, Orange County, New York",3,41.4547317,-74.0457956
1000000US360710128001001,3.61E+14,"Block 1001, Block Group 1, Census Tract 128, Orange County, New York",3,41.474862,-74.0348534
1000000US360710128003017,3.61E+14,"Block 3017, Block Group 3, Census Tract 128, Orange County, New York",3,41.4724761,-74.0172885
1000000US360710152001072,3.61E+14,"Block 1072, Block Group 1, Census Tract 152, Orange County, New York",4,41.4691859,-74.1794015
1000000US360710152002033,3.61E+14,"Block 2033, Block Group 2, Census Tract 152, Orange County, New York",4,41.4631932,-74.1317165
1000000US360710152004010,3.61E+14,"Block 4010, Block Group 4, Census Tract 152, Orange County, New York",4,41.4882363,-74.0902332
1000000US360710152005020,3.61E+14,"Block 5020, Block Group 5, Census Tract 152, Orange County, New York",4,41.448981,-74.1053583
1000000US360710152005030,3.61E+14,"Block 5030, Block Group 5, Census Tract 152, Orange County, New York",4,41.4447677,-74.1609082
1000000US360710152006057,3.61E+14,"Block 6057, Block Group 6, Census Tract 152, Orange County, New York",4,41.4621761,-74.1080465
1000000US360710152006098,3.61E+14,"Block 6098, Block Group 6, Census Tract 152, Orange County, New York",4,41.4596909,-74.0884361
1000000US360710126012024,3.61E+14,"Block 2024, Block Group 2, Census Tract 126.01, Orange County, New York",4,41.4806318,-74.0559723
1000000US360710127001003,3.61E+14,"Block 1003, Block Group 1, Census Tract 127, Orange County, New York",4,41.4841067,-74.03657
1000000US360710127004010,3.61E+14,"Block 4010, Block Group 4, Census Tract 127, Orange County, New York",4,41.475739,-74.0142743
1000000US360710152002003,3.61E+14,"Block 2003, Block Group 2, Census Tract 152, Orange County, New York",5,41.4708966,-74.1255545
1000000US360710152002022,3.61E+14,"Block 2022, Block Group 2, Census Tract 152, Orange County, New York",5,41.4526341,-74.15464
1000000US360710152002032,3.61E+14,"Block 2032, Block Group 2, Census Tract 152, Orange County, New York",5,41.4624356,-74.1390893
1000000US360710152003067,3.61E+14,"Block 3067, Block Group 3, Census Tract 152, Orange County, New York",5,41.4896588,-74.0845291
1000000US360710152005008,3.61E+14,"Block 5008, Block Group 5, Census Tract 152, Orange County, New York",5,41.4434512,-74.1322719
1000000US360710152005009,3.61E+14,"Block 5009, Block Group 5, Census Tract 152, Orange County, New York",5,41.4545447,-74.1333237
1000000US360710152005010,3.61E+14,"Block 5010, Block Group 5, Census Tract 152, Orange County, New York",5,41.4574842,-74.1337184
1000000US360710152006006,3.61E+14,"Block 6006, Block Group 6, Census Tract 152, Orange County, New York",5,41.4779906,-74.0799652
1000000US360710152006017,3.61E+14,"Block 6017, Block Group 6, Census Tract 152, Orange County, New York",5,41.4498156,-74.0678852
1000000US360710127003008,3.61E+14,"Block 3008, Block Group 3, Census Tract 127, Orange County, New York",5,41.482274,-74.0246154
1000000US360710152002028,3.61E+14,"Block 2028, Block Group 2, Census Tract 152, Orange County, New York",6,41.4688649,-74.1303161
1000000US360710152006055,3.61E+14,"Block 6055, Block Group 6, Census Tract 152, Orange County, New York",6,41.4598279,-74.1143261
1000000US360710128003009,3.61E+14,"Block 3009, Block Group 3, Census Tract 128, Orange County, New York",6,41.4674287,-74.0172829
1000000US360710152003017,3.61E+14,"Block 3017, Block Group 3, Census Tract 152, Orange County, New York",7,41.4993879,-74.1008486
1000000US360710152005002,3.61E+14,"Block 5002, Block Group 5, Census Tract 152, Orange County, New York",7,41.4492101,-74.1199706
1000000US360710152005007,3.61E+14,"Block 5007, Block Group 5, Census Tract 152, Orange County, New York",7,41.4492638,-74.1354293
1000000US360710127003015,3.61E+14,"Block 3015, Block Group 3, Census Tract 127, Orange County, New York",7,41.4764024,-74.0285083
1000000US360710152004002,3.61E+14,"Block 4002, Block Group 4, Census Tract 152, Orange County, New York",8,41.4878663,-74.0820937
1000000US360710152006052,3.61E+14,"Block 6052, Block Group 6, Census Tract 152, Orange County, New York",8,41.4660458,-74.1048371
1000000US360710152006077,3.61E+14,"Block 6077, Block Group 6, Census Tract 152, Orange County, New York",8,41.4556583,-74.0852575
1000000US360710126012012,3.61E+14,"Block 2012, Block Group 2, Census Tract 126.01, Orange County, New York",8,41.4620703,-74.065297
1000000US360710126022004,3.61E+14,"Block 2004, Block Group 2, Census Tract 126.02, Orange County, New York",8,41.4524614,-74.0519428
1000000US360710126022005,3.61E+14,"Block 2005, Block Group 2, Census Tract 126.02, Orange County, New York",8,41.4538155,-74.0550579
1000000US360710128001004,3.61E+14,"Block 1004, Block Group 1, Census Tract 128, Orange County, New York",8,41.4729445,-74.0374164
1000000US360710152002004,3.61E+14,"Block 2004, Block Group 2, Census Tract 152, Orange County, New York",9,41.4734467,-74.116839
1000000US360710152002015,3.61E+14,"Block 2015, Block Group 2, Census Tract 152, Orange County, New York",9,41.4645843,-74.1472419
1000000US360710152004011,3.61E+14,"Block 4011, Block Group 4, Census Tract 152, Orange County, New York",9,41.4875716,-74.0895589
1000000US360710152004019,3.61E+14,"Block 4019, Block Group 4, Census Tract 152, Orange County, New York",9,41.4783111,-74.0942272
1000000US360710152006074,3.61E+14,"Block 6074, Block Group 6, Census Tract 152, Orange County, New York",9,41.4522477,-74.0969949
1000000US360710128003013,3.61E+14,"Block 3013, Block Group 3, Census Tract 128, Orange County, New York",9,41.4678409,-74.0165539
1000000US360710152006039,3.61E+14,"Block 6039, Block Group 6, Census Tract 152, Orange County, New York",10,41.45635,-74.0854541
1000000US360710152006093,3.61E+14,"Block 6093, Block Group 6, Census Tract 152, Orange County, New York",10,41.4801422,-74.0970186
1000000US360710126022010,3.61E+14,"Block 2010, Block Group 2, Census Tract 126.02, Orange County, New York",10,41.4555782,-74.0613089
1000000US360710127001004,3.61E+14,"Block 1004, Block Group 1, Census Tract 127, Orange County, New York",10,41.4835203,-74.0328777
1000000US360710128002019,3.61E+14,"Block 2019, Block Group 2, Census Tract 128, Orange County, New York",10,41.4654781,-74.0349138
1000000US360710128003043,3.61E+14,"Block 3043, Block Group 3, Census Tract 128, Orange County, New York",10,41.4576131,-74.0303855
1000000US360710152006086,3.61E+14,"Block 6086, Block Group 6, Census Tract 152, Orange County, New York",11,41.45529,-74.0687685
1000000US360710126012000,3.61E+14,"Block 2000, Block Group 2, Census Tract 126.01, Orange County, New York",11,41.4874042,-74.072083
1000000US360710152002021,3.61E+14,"Block 2021, Block Group 2, Census Tract 152, Orange County, New York",12,41.4559909,-74.1513565
1000000US360710152005012,3.61E+14,"Block 5012, Block Group 5, Census Tract 152, Orange County, New York",12,41.4517397,-74.1179926
1000000US360710152005027,3.61E+14,"Block 5027, Block Group 5, Census Tract 152, Orange County, New York",12,41.4445545,-74.1096492
1000000US360710152006067,3.61E+14,"Block 6067, Block Group 6, Census Tract 152, Orange County, New York",12,41.4582326,-74.095186
1000000US360710128003011,3.61E+14,"Block 3011, Block Group 3, Census Tract 128, Orange County, New York",12,41.4702078,-74.017477
1000000US360710152002050,3.61E+14,"Block 2050, Block Group 2, Census Tract 152, Orange County, New York",13,41.4630319,-74.1966402
1000000US360710152006015,3.61E+14,"Block 6015, Block Group 6, Census Tract 152, Orange County, New York",13,41.4504523,-74.065907
1000000US360710152006049,3.61E+14,"Block 6049, Block Group 6, Census Tract 152, Orange County, New York",13,41.4594429,-74.1001658
1000000US360710152006062,3.61E+14,"Block 6062, Block Group 6, Census Tract 152, Orange County, New York",13,41.4573144,-74.0927
1000000US360710126022007,3.61E+14,"Block 2007, Block Group 2, Census Tract 126.02, Orange County, New York",13,41.4537257,-74.0529791
1000000US360710128003057,3.61E+14,"Block 3057, Block Group 3, Census Tract 128, Orange County, New York",13,41.4697642,-74.0161752
1000000US360710152004007,3.61E+14,"Block 4007, Block Group 4, Census Tract 152, Orange County, New York",14,41.4829921,-74.0976904
1000000US360710126011015,3.61E+14,"Block 1015, Block Group 1, Census Tract 126.01, Orange County, New York",14,41.4851246,-74.0533454
1000000US360710126012022,3.61E+14,"Block 2022, Block Group 2, Census Tract 126.01, Orange County, New York",14,41.4800432,-74.0556463
1000000US360710126022003,3.61E+14,"Block 2003, Block Group 2, Census Tract 126.02, Orange County, New York",14,41.4530708,-74.0516781
1000000US360710127004000,3.61E+14,"Block 4000, Block Group 4, Census Tract 127, Orange County, New York",14,41.4892193,-74.0163774
1000000US360710127004019,3.61E+14,"Block 4019, Block Group 4, Census Tract 127, Orange County, New York",14,41.4776714,-74.0218194
1000000US360710128003055,3.61E+14,"Block 3055, Block Group 3, Census Tract 128, Orange County, New York",14,41.4547943,-74.0242516
1000000US360710152003053,3.61E+14,"Block 3053, Block Group 3, Census Tract 152, Orange County, New York",15,41.493109,-74.1090612
1000000US360710152004006,3.61E+14,"Block 4006, Block Group 4, Census Tract 152, Orange County, New York",15,41.480763,-74.0957059
1000000US360710152005024,3.61E+14,"Block 5024, Block Group 5, Census Tract 152, Orange County, New York",15,41.4444511,-74.1117959
1000000US360710126012005,3.61E+14,"Block 2005, Block Group 2, Census Tract 126.01, Orange County, New York",15,41.4855355,-74.0787192
1000000US360710126021003,3.61E+14,"Block 1003, Block Group 1, Census Tract 126.02, Orange County, New York",15,41.4649995,-74.0538252
1000000US360710152001086,3.61E+14,"Block 1086, Block Group 1, Census Tract 152, Orange County, New York",16,41.4796295,-74.2177437
1000000US360710126011013,3.61E+14,"Block 1013, Block Group 1, Census Tract 126.01, Orange County, New York",16,41.4891214,-74.0625609
1000000US360710128003022,3.61E+14,"Block 3022, Block Group 3, Census Tract 128, Orange County, New York",16,41.4602722,-74.0186119
1000000US360710152002017,3.61E+14,"Block 2017, Block Group 2, Census Tract 152, Orange County, New York",17,41.4546178,-74.1527737
1000000US360710152004009,3.61E+14,"Block 4009, Block Group 4, Census Tract 152, Orange County, New York",17,41.4876249,-74.0900303
1000000US360710126012030,3.61E+14,"Block 2030, Block Group 2, Census Tract 126.01, Orange County, New York",17,41.4577688,-74.0630673
1000000US360710126021002,3.61E+14,"Block 1002, Block Group 1, Census Tract 126.02, Orange County, New York",17,41.4654504,-74.0546052
1000000US360710128002010,3.61E+14,"Block 2010, Block Group 2, Census Tract 128, Orange County, New York",17,41.4668987,-74.0308353
1000000US360710152002018,3.61E+14,"Block 2018, Block Group 2, Census Tract 152, Orange County, New York",18,41.4523439,-74.1430503
1000000US360710152002031,3.61E+14,"Block 2031, Block Group 2, Census Tract 152, Orange County, New York",18,41.4583035,-74.1376901
1000000US360710152006094,3.61E+14,"Block 6094, Block Group 6, Census Tract 152, Orange County, New York",18,41.4810511,-74.0972455
1000000US360710127002008,3.61E+14,"Block 2008, Block Group 2, Census Tract 127, Orange County, New York",18,41.489782,-74.0285404
1000000US360710127002014,3.61E+14,"Block 2014, Block Group 2, Census Tract 127, Orange County, New York",18,41.4892023,-74.0239824
1000000US360710127003009,3.61E+14,"Block 3009, Block Group 3, Census Tract 127, Orange County, New York",18,41.4829613,-74.0206261
1000000US360710127003010,3.61E+14,"Block 3010, Block Group 3, Census Tract 127, Orange County, New York",18,41.4813007,-74.0218821
1000000US360710127003013,3.61E+14,"Block 3013, Block Group 3, Census Tract 127, Orange County, New York",18,41.4827361,-74.0262892
1000000US360710152003054,3.61E+14,"Block 3054, Block Group 3, Census Tract 152, Orange County, New York",19,41.4925795,-74.1096686
1000000US360710152005033,3.61E+14,"Block 5033, Block Group 5, Census Tract 152, Orange County, New York",19,41.4431196,-74.1693647
1000000US360710127002009,3.61E+14,"Block 2009, Block Group 2, Census Tract 127, Orange County, New York",19,41.4892067,-74.027521
1000000US360710127005009,3.61E+14,"Block 5009, Block Group 5, Census Tract 127, Orange County, New York",19,41.4729012,-74.0210502
1000000US360710128002013,3.61E+14,"Block 2013, Block Group 2, Census Tract 128, Orange County, New York",19,41.4724137,-74.0278012
1000000US360710128003019,3.61E+14,"Block 3019, Block Group 3, Census Tract 128, Orange County, New York",19,41.4746542,-74.0150307
1000000US360710128003052,3.61E+14,"Block 3052, Block Group 3, Census Tract 128, Orange County, New York",19,41.4551667,-74.0257871
1000000US360710152002048,3.61E+14,"Block 2048, Block Group 2, Census Tract 152, Orange County, New York",20,41.4636018,-74.1972895
1000000US360710127002015,3.61E+14,"Block 2015, Block Group 2, Census Tract 127, Orange County, New York",20,41.4895214,-74.025068
1000000US360710152002019,3.61E+14,"Block 2019, Block Group 2, Census Tract 152, Orange County, New York",21,41.4630379,-74.1413073
1000000US360710152002047,3.61E+14,"Block 2047, Block Group 2, Census Tract 152, Orange County, New York",21,41.4668745,-74.1963731
1000000US360710152006033,3.61E+14,"Block 6033, Block Group 6, Census Tract 152, Orange County, New York",21,41.4604524,-74.0830711
1000000US360710152006042,3.61E+14,"Block 6042, Block Group 6, Census Tract 152, Orange County, New York",21,41.4615608,-74.0927777
1000000US360710126011002,3.61E+14,"Block 1002, Block Group 1, Census Tract 126.01, Orange County, New York",21,41.4849109,-74.0523936
1000000US360710126011007,3.61E+14,"Block 1007, Block Group 1, Census Tract 126.01, Orange County, New York",21,41.4850738,-74.0604695
1000000US360710126012018,3.61E+14,"Block 2018, Block Group 2, Census Tract 126.01, Orange County, New York",21,41.473788,-74.0453409
1000000US360710152006095,3.61E+14,"Block 6095, Block Group 6, Census Tract 152, Orange County, New York",22,41.4509716,-74.0658263
1000000US360710126022002,3.61E+14,"Block 2002, Block Group 2, Census Tract 126.02, Orange County, New York",22,41.4522124,-74.0540272
1000000US360710152004013,3.61E+14,"Block 4013, Block Group 4, Census Tract 152, Orange County, New York",23,41.4881811,-74.0874859
1000000US360710152006073,3.61E+14,"Block 6073, Block Group 6, Census Tract 152, Orange County, New York",23,41.4536742,-74.0971334
1000000US360710127002018,3.61E+14,"Block 2018, Block Group 2, Census Tract 127, Orange County, New York",23,41.4887118,-74.0237962
1000000US360710128002005,3.61E+14,"Block 2005, Block Group 2, Census Tract 128, Orange County, New York",23,41.4653672,-74.0285976
1000000US360710128003015,3.61E+14,"Block 3015, Block Group 3, Census Tract 128, Orange County, New York",23,41.4742186,-74.0147549
1000000US360710152004017,3.61E+14,"Block 4017, Block Group 4, Census Tract 152, Orange County, New York",24,41.4857383,-74.0841076
1000000US360710152005005,3.61E+14,"Block 5005, Block Group 5, Census Tract 152, Orange County, New York",24,41.448806,-74.120935
1000000US360710128002016,3.61E+14,"Block 2016, Block Group 2, Census Tract 128, Orange County, New York",24,41.4640578,-74.0219439
1000000US360710128003031,3.61E+14,"Block 3031, Block Group 3, Census Tract 128, Orange County, New York",24,41.4612911,-74.0339081
1000000US360710128003034,3.61E+14,"Block 3034, Block Group 3, Census Tract 128, Orange County, New York",24,41.4580349,-74.0361917
1000000US360710152002023,3.61E+14,"Block 2023, Block Group 2, Census Tract 152, Orange County, New York",25,41.4618415,-74.1416591
1000000US360710152006007,3.61E+14,"Block 6007, Block Group 6, Census Tract 152, Orange County, New York",25,41.4807014,-74.0863592
1000000US360710152006037,3.61E+14,"Block 6037, Block Group 6, Census Tract 152, Orange County, New York",25,41.4595798,-74.078037
1000000US360710152006046,3.61E+14,"Block 6046, Block Group 6, Census Tract 152, Orange County, New York",25,41.4601172,-74.0876583
1000000US360710126021011,3.61E+14,"Block 1011, Block Group 1, Census Tract 126.02, Orange County, New York",25,41.4618068,-74.048683
1000000US360710128002003,3.61E+14,"Block 2003, Block Group 2, Census Tract 128, Orange County, New York",25,41.4649736,-74.0263453
1000000US360710152006043,3.61E+14,"Block 6043, Block Group 6, Census Tract 152, Orange County, New York",26,41.4615052,-74.0920446
1000000US360710152006087,3.61E+14,"Block 6087, Block Group 6, Census Tract 152, Orange County, New York",26,41.4555336,-74.0718724
1000000US360710127001018,3.61E+14,"Block 1018, Block Group 1, Census Tract 127, Orange County, New York",26,41.4735954,-74.0406249
1000000US360710127003006,3.61E+14,"Block 3006, Block Group 3, Census Tract 127, Orange County, New York",26,41.4833783,-74.0264309
1000000US360710127005004,3.61E+14,"Block 5004, Block Group 5, Census Tract 127, Orange County, New York",26,41.4742312,-74.0232943
1000000US360710152006064,3.61E+14,"Block 6064, Block Group 6, Census Tract 152, Orange County, New York",27,41.4567338,-74.0937155
1000000US360710152002060,3.61E+14,"Block 2060, Block Group 2, Census Tract 152, Orange County, New York",28,41.4651446,-74.1650349
1000000US360710152004001,3.61E+14,"Block 4001, Block Group 4, Census Tract 152, Orange County, New York",28,41.4928302,-74.0809918
1000000US360710152006019,3.61E+14,"Block 6019, Block Group 6, Census Tract 152, Orange County, New York",28,41.4586222,-74.0745771
1000000US360710128003014,3.61E+14,"Block 3014, Block Group 3, Census Tract 128, Orange County, New York",28,41.470411,-74.015727
1000000US360710128003023,3.61E+14,"Block 3023, Block Group 3, Census Tract 128, Orange County, New York",28,41.4610963,-74.0212086
1000000US360710128003039,3.61E+14,"Block 3039, Block Group 3, Census Tract 128, Orange County, New York",28,41.4615592,-74.0396866
1000000US360710152002025,3.61E+14,"Block 2025, Block Group 2, Census Tract 152, Orange County, New York",29,41.4576347,-74.1524006
1000000US360710152004008,3.61E+14,"Block 4008, Block Group 4, Census Tract 152, Orange County, New York",29,41.4818751,-74.0967508
1000000US360710126011014,3.61E+14,"Block 1014, Block Group 1, Census Tract 126.01, Orange County, New York",29,41.4847741,-74.0585365
1000000US360710127001017,3.61E+14,"Block 1017, Block Group 1, Census Tract 127, Orange County, New York",29,41.4719833,-74.043858
1000000US360710128002007,3.61E+14,"Block 2007, Block Group 2, Census Tract 128, Orange County, New York",29,41.4724391,-74.0253396
1000000US360710152002010,3.61E+14,"Block 2010, Block Group 2, Census Tract 152, Orange County, New York",30,41.4738374,-74.1460235
1000000US360710152005023,3.61E+14,"Block 5023, Block Group 5, Census Tract 152, Orange County, New York",30,41.4447809,-74.1114952
1000000US360710152005026,3.61E+14,"Block 5026, Block Group 5, Census Tract 152, Orange County, New York",30,41.445584,-74.1065849
1000000US360710126012017,3.61E+14,"Block 2017, Block Group 2, Census Tract 126.01, Orange County, New York",30,41.4750253,-74.0470376
1000000US360710127002021,3.61E+14,"Block 2021, Block Group 2, Census Tract 127, Orange County, New York",30,41.4880405,-74.0254213
1000000US360710152006071,3.61E+14,"Block 6071, Block Group 6, Census Tract 152, Orange County, New York",31,41.4569131,-74.0950472
1000000US360710127001010,3.61E+14,"Block 1010, Block Group 1, Census Tract 127, Orange County, New York",31,41.4764245,-74.0424414
1000000US360710127002006,3.61E+14,"Block 2006, Block Group 2, Census Tract 127, Orange County, New York",31,41.4864069,-74.0259253
1000000US360710152006075,3.61E+14,"Block 6075, Block Group 6, Census Tract 152, Orange County, New York",32,41.4501298,-74.0975146
1000000US360710127001009,3.61E+14,"Block 1009, Block Group 1, Census Tract 127, Orange County, New York",32,41.4761073,-74.041625
1000000US360710127001015,3.61E+14,"Block 1015, Block Group 1, Census Tract 127, Orange County, New York",32,41.4742685,-74.0393077
1000000US360710152006083,3.61E+14,"Block 6083, Block Group 6, Census Tract 152, Orange County, New York",33,41.4575087,-74.0713935
1000000US360710126012006,3.61E+14,"Block 2006, Block Group 2, Census Tract 126.01, Orange County, New York",33,41.4762258,-74.0672837
1000000US360710127002003,3.61E+14,"Block 2003, Block Group 2, Census Tract 127, Orange County, New York",33,41.485881,-74.0274874
1000000US360710127002011,3.61E+14,"Block 2011, Block Group 2, Census Tract 127, Orange County, New York",33,41.4885736,-74.0228472
1000000US360710127004015,3.61E+14,"Block 4015, Block Group 4, Census Tract 127, Orange County, New York",33,41.483694,-74.0178214
1000000US360710128001010,3.61E+14,"Block 1010, Block Group 1, Census Tract 128, Orange County, New York",33,41.4689154,-74.044893
1000000US360710152002001,3.61E+14,"Block 2001, Block Group 2, Census Tract 152, Orange County, New York",34,41.479855,-74.1183287
1000000US360710152002043,3.61E+14,"Block 2043, Block Group 2, Census Tract 152, Orange County, New York",34,41.4667045,-74.1788715
1000000US360710126022009,3.61E+14,"Block 2009, Block Group 2, Census Tract 126.02, Orange County, New York",34,41.4519602,-74.0602474
1000000US360710127004014,3.61E+14,"Block 4014, Block Group 4, Census Tract 127, Orange County, New York",34,41.4851383,-74.019033
1000000US360710128003018,3.61E+14,"Block 3018, Block Group 3, Census Tract 128, Orange County, New York",34,41.4757255,-74.0158314
1000000US360710126011006,3.61E+14,"Block 1006, Block Group 1, Census Tract 126.01, Orange County, New York",35,41.4860442,-74.052517
1000000US360710127001008,3.61E+14,"Block 1008, Block Group 1, Census Tract 127, Orange County, New York",35,41.4797389,-74.031226
1000000US360710127002022,3.61E+14,"Block 2022, Block Group 2, Census Tract 127, Orange County, New York",35,41.4867672,-74.0265792
1000000US360710152002012,3.61E+14,"Block 2012, Block Group 2, Census Tract 152, Orange County, New York",36,41.4697885,-74.1573037
1000000US360710126011012,3.61E+14,"Block 1012, Block Group 1, Census Tract 126.01, Orange County, New York",36,41.4831667,-74.0519212
1000000US360710126012016,3.61E+14,"Block 2016, Block Group 2, Census Tract 126.01, Orange County, New York",36,41.4771848,-74.0463116
1000000US360710127002005,3.61E+14,"Block 2005, Block Group 2, Census Tract 127, Orange County, New York",36,41.487117,-74.0272724
1000000US360710127003012,3.61E+14,"Block 3012, Block Group 3, Census Tract 127, Orange County, New York",36,41.4805433,-74.0250147
1000000US360710127002013,3.61E+14,"Block 2013, Block Group 2, Census Tract 127, Orange County, New York",37,41.4903201,-74.022829
1000000US360710152004005,3.61E+14,"Block 4005, Block Group 4, Census Tract 152, Orange County, New York",38,41.4832246,-74.0954221
1000000US360710152005015,3.61E+14,"Block 5015, Block Group 5, Census Tract 152, Orange County, New York",38,41.4517953,-74.1102713
1000000US360710152005031,3.61E+14,"Block 5031, Block Group 5, Census Tract 152, Orange County, New York",38,41.4439653,-74.1662228
1000000US360710128002009,3.61E+14,"Block 2009, Block Group 2, Census Tract 128, Orange County, New York",38,41.467361,-74.0274543
1000000US360710128003030,3.61E+14,"Block 3030, Block Group 3, Census Tract 128, Orange County, New York",38,41.4602427,-74.0340038
1000000US360710128003041,3.61E+14,"Block 3041, Block Group 3, Census Tract 128, Orange County, New York",38,41.4601221,-74.0358525
1000000US360710128003044,3.61E+14,"Block 3044, Block Group 3, Census Tract 128, Orange County, New York",38,41.4567568,-74.026568
1000000US360710152002061,3.61E+14,"Block 2061, Block Group 2, Census Tract 152, Orange County, New York",39,41.4521494,-74.167223
1000000US360710152005025,3.61E+14,"Block 5025, Block Group 5, Census Tract 152, Orange County, New York",39,41.4510836,-74.1213482
1000000US360710126011016,3.61E+14,"Block 1016, Block Group 1, Census Tract 126.01, Orange County, New York",39,41.4831816,-74.0550266
1000000US360710126023006,3.61E+14,"Block 3006, Block Group 3, Census Tract 126.02, Orange County, New York",39,41.4569091,-74.0584629
1000000US360710127002017,3.61E+14,"Block 2017, Block Group 2, Census Tract 127, Orange County, New York",39,41.4876983,-74.0247419
1000000US360710127005010,3.61E+14,"Block 5010, Block Group 5, Census Tract 127, Orange County, New York",39,41.4702599,-74.020827
1000000US360710128003006,3.61E+14,"Block 3006, Block Group 3, Census Tract 128, Orange County, New York",39,41.4646851,-74.0178274
1000000US360710126022008,3.61E+14,"Block 2008, Block Group 2, Census Tract 126.02, Orange County, New York",40,41.4530744,-74.0540251
1000000US360710127002010,3.61E+14,"Block 2010, Block Group 2, Census Tract 127, Orange County, New York",40,41.487315,-74.024021
1000000US360710127005011,3.61E+14,"Block 5011, Block Group 5, Census Tract 127, Orange County, New York",40,41.4732362,-74.0230012
1000000US360710152006045,3.61E+14,"Block 6045, Block Group 6, Census Tract 152, Orange County, New York",41,41.4624974,-74.0935169
1000000US360710152006088,3.61E+14,"Block 6088, Block Group 6, Census Tract 152, Orange County, New York",41,41.4540226,-74.0711224
1000000US360710127001002,3.61E+14,"Block 1002, Block Group 1, Census Tract 127, Orange County, New York",41,41.4806924,-74.0365826
1000000US360710127003001,3.61E+14,"Block 3001, Block Group 3, Census Tract 127, Orange County, New York",41,41.4863725,-74.0215045
1000000US360710152002026,3.61E+14,"Block 2026, Block Group 2, Census Tract 152, Orange County, New York",42,41.4566516,-74.1435586
1000000US360710152002035,3.61E+14,"Block 2035, Block Group 2, Census Tract 152, Orange County, New York",42,41.4640275,-74.12452
1000000US360710127001013,3.61E+14,"Block 1013, Block Group 1, Census Tract 127, Orange County, New York",42,41.4733656,-74.0420148
1000000US360710127004013,3.61E+14,"Block 4013, Block Group 4, Census Tract 127, Orange County, New York",42,41.4777561,-74.0174926
1000000US360710152002065,3.61E+14,"Block 2065, Block Group 2, Census Tract 152, Orange County, New York",43,41.4543451,-74.1573209
1000000US360710152005006,3.61E+14,"Block 5006, Block Group 5, Census Tract 152, Orange County, New York",43,41.4503681,-74.1241648
1000000US360710152006028,3.61E+14,"Block 6028, Block Group 6, Census Tract 152, Orange County, New York",43,41.4788455,-74.1021335
1000000US360710152006048,3.61E+14,"Block 6048, Block Group 6, Census Tract 152, Orange County, New York",43,41.4600417,-74.0952616
1000000US360710126011005,3.61E+14,"Block 1005, Block Group 1, Census Tract 126.01, Orange County, New York",43,41.4857378,-74.0541975
1000000US360710127005001,3.61E+14,"Block 5001, Block Group 5, Census Tract 127, Orange County, New York",43,41.4727821,-74.0184835
1000000US360710128002012,3.61E+14,"Block 2012, Block Group 2, Census Tract 128, Orange County, New York",43,41.4725018,-74.0285614
1000000US360710152003056,3.61E+14,"Block 3056, Block Group 3, Census Tract 152, Orange County, New York",44,41.4875342,-74.10602
1000000US360710152005035,3.61E+14,"Block 5035, Block Group 5, Census Tract 152, Orange County, New York",44,41.4464428,-74.1139153
1000000US360710152006054,3.61E+14,"Block 6054, Block Group 6, Census Tract 152, Orange County, New York",44,41.4657485,-74.1104382
1000000US360710152006081,3.61E+14,"Block 6081, Block Group 6, Census Tract 152, Orange County, New York",44,41.4570113,-74.072884
1000000US360710126011008,3.61E+14,"Block 1008, Block Group 1, Census Tract 126.01, Orange County, New York",44,41.4870911,-74.0557996
1000000US360710126021005,3.61E+14,"Block 1005, Block Group 1, Census Tract 126.02, Orange County, New York",44,41.4600661,-74.0512277
1000000US360710127002000,3.61E+14,"Block 2000, Block Group 2, Census Tract 127, Orange County, New York",44,41.4912689,-74.0250618
1000000US360710152005028,3.61E+14,"Block 5028, Block Group 5, Census Tract 152, Orange County, New York",45,41.4456624,-74.1409139
1000000US360710127002020,3.61E+14,"Block 2020, Block Group 2, Census Tract 127, Orange County, New York",45,41.4883909,-74.0261088
1000000US360710126012021,3.61E+14,"Block 2021, Block Group 2, Census Tract 126.01, Orange County, New York",46,41.4792211,-74.0567234
1000000US360710128001007,3.61E+14,"Block 1007, Block Group 1, Census Tract 128, Orange County, New York",47,41.4726228,-74.0355334
1000000US360710152002038,3.61E+14,"Block 2038, Block Group 2, Census Tract 152, Orange County, New York",48,41.4639704,-74.1706721
1000000US360710127002007,3.61E+14,"Block 2007, Block Group 2, Census Tract 127, Orange County, New York",48,41.4887751,-74.0268377
1000000US360710152002013,3.61E+14,"Block 2013, Block Group 2, Census Tract 152, Orange County, New York",49,41.4694599,-74.1624298
1000000US360710126011001,3.61E+14,"Block 1001, Block Group 1, Census Tract 126.01, Orange County, New York",49,41.4873276,-74.0566521
1000000US360710152006004,3.61E+14,"Block 6004, Block Group 6, Census Tract 152, Orange County, New York",50,41.4694417,-74.0756745
1000000US360710127004001,3.61E+14,"Block 4001, Block Group 4, Census Tract 127, Orange County, New York",50,41.4890363,-74.0191828
1000000US360710152005017,3.61E+14,"Block 5017, Block Group 5, Census Tract 152, Orange County, New York",51,41.4453092,-74.1145201
1000000US360710127001006,3.61E+14,"Block 1006, Block Group 1, Census Tract 127, Orange County, New York",51,41.481667,-74.0303971
1000000US360710152002029,3.61E+14,"Block 2029, Block Group 2, Census Tract 152, Orange County, New York",52,41.4552331,-74.1378672
1000000US360710152004018,3.61E+14,"Block 4018, Block Group 4, Census Tract 152, Orange County, New York",52,41.4836495,-74.0880119
1000000US360710152005016,3.61E+14,"Block 5016, Block Group 5, Census Tract 152, Orange County, New York",52,41.4443613,-74.1129165
1000000US360710126011003,3.61E+14,"Block 1003, Block Group 1, Census Tract 126.01, Orange County, New York",52,41.485986,-74.063478
1000000US360710128003010,3.61E+14,"Block 3010, Block Group 3, Census Tract 128, Orange County, New York",52,41.4691423,-74.0152804
1000000US360710128003021,3.61E+14,"Block 3021, Block Group 3, Census Tract 128, Orange County, New York",52,41.4597911,-74.0199866
1000000US360710128003032,3.61E+14,"Block 3032, Block Group 3, Census Tract 128, Orange County, New York",52,41.4624096,-74.0351546
1000000US360710126011011,3.61E+14,"Block 1011, Block Group 1, Census Tract 126.01, Orange County, New York",53,41.4851933,-74.0636196
1000000US360710126012015,3.61E+14,"Block 2015, Block Group 2, Census Tract 126.01, Orange County, New York",53,41.4745028,-74.0461178
1000000US360710127002001,3.61E+14,"Block 2001, Block Group 2, Census Tract 127, Orange County, New York",53,41.4908831,-74.028606
1000000US360710128002004,3.61E+14,"Block 2004, Block Group 2, Census Tract 128, Orange County, New York",53,41.4677868,-74.024617
1000000US360710128003012,3.61E+14,"Block 3012, Block Group 3, Census Tract 128, Orange County, New York",54,41.4690572,-74.0167855
1000000US360710152002027,3.61E+14,"Block 2027, Block Group 2, Census Tract 152, Orange County, New York",55,41.4663247,-74.1312568
1000000US360710152006068,3.61E+14,"Block 6068, Block Group 6, Census Tract 152, Orange County, New York",55,41.4531603,-74.0835096
1000000US360710126011009,3.61E+14,"Block 1009, Block Group 1, Census Tract 126.01, Orange County, New York",55,41.4869741,-74.0527811
1000000US360710126021006,3.61E+14,"Block 1006, Block Group 1, Census Tract 126.02, Orange County, New York",55,41.4601056,-74.0498002
1000000US360710152002002,3.61E+14,"Block 2002, Block Group 2, Census Tract 152, Orange County, New York",56,41.4726522,-74.1205203
1000000US360710128001005,3.61E+14,"Block 1005, Block Group 1, Census Tract 128, Orange County, New York",56,41.4748527,-74.0340176
1000000US360710127001007,3.61E+14,"Block 1007, Block Group 1, Census Tract 127, Orange County, New York",57,41.4807927,-74.0308761
1000000US360710127005007,3.61E+14,"Block 5007, Block Group 5, Census Tract 127, Orange County, New York",57,41.4737841,-74.0226634
1000000US360710128003036,3.61E+14,"Block 3036, Block Group 3, Census Tract 128, Orange County, New York",57,41.4598403,-74.0378814
1000000US360710152002034,3.61E+14,"Block 2034, Block Group 2, Census Tract 152, Orange County, New York",58,41.4601448,-74.120593
1000000US360710152002051,3.61E+14,"Block 2051, Block Group 2, Census Tract 152, Orange County, New York",58,41.4618573,-74.1942287
1000000US360710152002053,3.61E+14,"Block 2053, Block Group 2, Census Tract 152, Orange County, New York",58,41.4578243,-74.1857227
1000000US360710152006072,3.61E+14,"Block 6072, Block Group 6, Census Tract 152, Orange County, New York",58,41.4557606,-74.099457
1000000US360710126021009,3.61E+14,"Block 1009, Block Group 1, Census Tract 126.02, Orange County, New York",58,41.4593384,-74.0488626
1000000US360710152001111,3.61E+14,"Block 1111, Block Group 1, Census Tract 152, Orange County, New York",59,41.4866553,-74.1180567
1000000US360710152006059,3.61E+14,"Block 6059, Block Group 6, Census Tract 152, Orange County, New York",59,41.4583459,-74.0882087
1000000US360710126021007,3.61E+14,"Block 1007, Block Group 1, Census Tract 126.02, Orange County, New York",59,41.4621581,-74.0501846
1000000US360710127004016,3.61E+14,"Block 4016, Block Group 4, Census Tract 127, Orange County, New York",59,41.4785549,-74.0197828
1000000US360710127004017,3.61E+14,"Block 4017, Block Group 4, Census Tract 127, Orange County, New York",59,41.4761406,-74.0187847
1000000US360710152004016,3.61E+14,"Block 4016, Block Group 4, Census Tract 152, Orange County, New York",60,41.4845213,-74.0860791
1000000US360710152006044,3.61E+14,"Block 6044, Block Group 6, Census Tract 152, Orange County, New York",60,41.4627923,-74.0946424
1000000US360710128003029,3.61E+14,"Block 3029, Block Group 3, Census Tract 128, Orange County, New York",60,41.4607175,-74.0304291
1000000US360710152005014,3.61E+14,"Block 5014, Block Group 5, Census Tract 152, Orange County, New York",61,41.4526567,-74.1107258
1000000US360710152006003,3.61E+14,"Block 6003, Block Group 6, Census Tract 152, Orange County, New York",61,41.4831503,-74.0832295
1000000US360710126012020,3.61E+14,"Block 2020, Block Group 2, Census Tract 126.01, Orange County, New York",61,41.478164,-74.0549696
1000000US360710128003042,3.61E+14,"Block 3042, Block Group 3, Census Tract 128, Orange County, New York",61,41.4573956,-74.0446913
1000000US360710127002016,3.61E+14,"Block 2016, Block Group 2, Census Tract 127, Orange County, New York",62,41.4902388,-74.0265146
1000000US360710128003054,3.61E+14,"Block 3054, Block Group 3, Census Tract 128, Orange County, New York",62,41.4551203,-74.0350581
1000000US360710152002011,3.61E+14,"Block 2011, Block Group 2, Census Tract 152, Orange County, New York",63,41.4707125,-74.1487522
1000000US360710127001012,3.61E+14,"Block 1012, Block Group 1, Census Tract 127, Orange County, New York",63,41.4759034,-74.0383064
1000000US360710152002042,3.61E+14,"Block 2042, Block Group 2, Census Tract 152, Orange County, New York",64,41.4643491,-74.1800264
1000000US360710126021008,3.61E+14,"Block 1008, Block Group 1, Census Tract 126.02, Orange County, New York",64,41.462032,-74.0475843
1000000US360710128001008,3.61E+14,"Block 1008, Block Group 1, Census Tract 128, Orange County, New York",64,41.4706809,-74.0409607
1000000US360710152001113,3.61E+14,"Block 1113, Block Group 1, Census Tract 152, Orange County, New York",65,41.4874567,-74.1179942
1000000US360710126012008,3.61E+14,"Block 2008, Block Group 2, Census Tract 126.01, Orange County, New York",65,41.4818979,-74.0655142
1000000US360710127003000,3.61E+14,"Block 3000, Block Group 3, Census Tract 127, Orange County, New York",65,41.4892942,-74.0209219
1000000US360710127005012,3.61E+14,"Block 5012, Block Group 5, Census Tract 127, Orange County, New York",65,41.4732714,-74.0245949
1000000US360710128004007,3.61E+14,"Block 4007, Block Group 4, Census Tract 128, Orange County, New York",65,41.4656825,-74.036476
1000000US360710152005019,3.61E+14,"Block 5019, Block Group 5, Census Tract 152, Orange County, New York",66,41.4480582,-74.1062436
1000000US360710152006078,3.61E+14,"Block 6078, Block Group 6, Census Tract 152, Orange County, New York",66,41.4517617,-74.0759337
1000000US360710127001005,3.61E+14,"Block 1005, Block Group 1, Census Tract 127, Orange County, New York",66,41.4825368,-74.0298229
1000000US360710128003035,3.61E+14,"Block 3035, Block Group 3, Census Tract 128, Orange County, New York",66,41.45888,-74.036662
1000000US360710126021010,3.61E+14,"Block 1010, Block Group 1, Census Tract 126.02, Orange County, New York",68,41.4582912,-74.0482198
1000000US360710128002014,3.61E+14,"Block 2014, Block Group 2, Census Tract 128, Orange County, New York",68,41.4701945,-74.026919
1000000US360710152006026,3.61E+14,"Block 6026, Block Group 6, Census Tract 152, Orange County, New York",69,41.470195,-74.0992582
1000000US360710126012023,3.61E+14,"Block 2023, Block Group 2, Census Tract 126.01, Orange County, New York",70,41.4776952,-74.056682
1000000US360710127004018,3.61E+14,"Block 4018, Block Group 4, Census Tract 127, Orange County, New York",70,41.4766083,-74.0214617
1000000US360710128004000,3.61E+14,"Block 4000, Block Group 4, Census Tract 128, Orange County, New York",71,41.470165,-74.039989
1000000US360710152005029,3.61E+14,"Block 5029, Block Group 5, Census Tract 152, Orange County, New York",72,41.446099,-74.1511376
1000000US360710152005000,3.61E+14,"Block 5000, Block Group 5, Census Tract 152, Orange County, New York",73,41.4547041,-74.114527
1000000US360710152005003,3.61E+14,"Block 5003, Block Group 5, Census Tract 152, Orange County, New York",73,41.451848,-74.1220067
1000000US360710127001011,3.61E+14,"Block 1011, Block Group 1, Census Tract 127, Orange County, New York",73,41.4753139,-74.0411667
1000000US360710152006056,3.61E+14,"Block 6056, Block Group 6, Census Tract 152, Orange County, New York",74,41.4538149,-74.1055043
1000000US360710127001016,3.61E+14,"Block 1016, Block Group 1, Census Tract 127, Orange County, New York",74,41.4730881,-74.0434467
1000000US360710152006091,3.61E+14,"Block 6091, Block Group 6, Census Tract 152, Orange County, New York",76,41.4516851,-74.0707158
1000000US360710128003028,3.61E+14,"Block 3028, Block Group 3, Census Tract 128, Orange County, New York",76,41.4620915,-74.0301253
1000000US360710127004002,3.61E+14,"Block 4002, Block Group 4, Census Tract 127, Orange County, New York",77,41.489934,-74.0197876
1000000US360710152006065,3.61E+14,"Block 6065, Block Group 6, Census Tract 152, Orange County, New York",78,41.4540624,-74.0875398
1000000US360710126012028,3.61E+14,"Block 2028, Block Group 2, Census Tract 126.01, Orange County, New York",78,41.4642521,-74.0596575
1000000US360710128004001,3.61E+14,"Block 4001, Block Group 4, Census Tract 128, Orange County, New York",78,41.469372,-74.0394906
1000000US360710128004005,3.61E+14,"Block 4005, Block Group 4, Census Tract 128, Orange County, New York",78,41.4656629,-74.0426337
1000000US360710126021001,3.61E+14,"Block 1001, Block Group 1, Census Tract 126.02, Orange County, New York",79,41.4659749,-74.0539356
1000000US360710152006063,3.61E+14,"Block 6063, Block Group 6, Census Tract 152, Orange County, New York",80,41.4547672,-74.0875705
1000000US360710128003040,3.61E+14,"Block 3040, Block Group 3, Census Tract 128, Orange County, New York",80,41.4615368,-74.0361142
1000000US360710152001110,3.61E+14,"Block 1110, Block Group 1, Census Tract 152, Orange County, New York",81,41.4860369,-74.1138241
1000000US360710152002044,3.61E+14,"Block 2044, Block Group 2, Census Tract 152, Orange County, New York",81,41.4635454,-74.188966
1000000US360710128003027,3.61E+14,"Block 3027, Block Group 3, Census Tract 128, Orange County, New York",81,41.4614777,-74.0323122
1000000US360710152006018,3.61E+14,"Block 6018, Block Group 6, Census Tract 152, Orange County, New York",84,41.4608805,-74.072198
1000000US360710152006060,3.61E+14,"Block 6060, Block Group 6, Census Tract 152, Orange County, New York",85,41.4554806,-74.0879622
1000000US360710152002055,3.61E+14,"Block 2055, Block Group 2, Census Tract 152, Orange County, New York",86,41.4473093,-74.1811691
1000000US360710152005011,3.61E+14,"Block 5011, Block Group 5, Census Tract 152, Orange County, New York",87,41.4496801,-74.1190693
1000000US360710126012009,3.61E+14,"Block 2009, Block Group 2, Census Tract 126.01, Orange County, New York",88,41.4848284,-74.0675307
1000000US360710152006080,3.61E+14,"Block 6080, Block Group 6, Census Tract 152, Orange County, New York",89,41.4557136,-74.0749006
1000000US360710152006092,3.61E+14,"Block 6092, Block Group 6, Census Tract 152, Orange County, New York",89,41.4568619,-74.0878264
1000000US360710127003004,3.61E+14,"Block 3004, Block Group 3, Census Tract 127, Orange County, New York",89,41.4841509,-74.0241432
1000000US360710127003007,3.61E+14,"Block 3007, Block Group 3, Census Tract 127, Orange County, New York",89,41.4824159,-74.0226687
1000000US360710128004002,3.61E+14,"Block 4002, Block Group 4, Census Tract 128, Orange County, New York",91,41.4689323,-74.0382431
1000000US360710126023008,3.61E+14,"Block 3008, Block Group 3, Census Tract 126.02, Orange County, New York",92,41.4563615,-74.054056
1000000US360710152002052,3.61E+14,"Block 2052, Block Group 2, Census Tract 152, Orange County, New York",93,41.4536969,-74.190214
1000000US360710152001109,3.61E+14,"Block 1109, Block Group 1, Census Tract 152, Orange County, New York",96,41.4854081,-74.1139947
1000000US360710152002059,3.61E+14,"Block 2059, Block Group 2, Census Tract 152, Orange County, New York",97,41.4579791,-74.1739226
1000000US360710152006014,3.61E+14,"Block 6014, Block Group 6, Census Tract 152, Orange County, New York",100,41.4533563,-74.066388
1000000US360710152002009,3.61E+14,"Block 2009, Block Group 2, Census Tract 152, Orange County, New York",101,41.4719989,-74.1408221
1000000US360710152006066,3.61E+14,"Block 6066, Block Group 6, Census Tract 152, Orange County, New York",104,41.4597034,-74.0921988
1000000US360710152006038,3.61E+14,"Block 6038, Block Group 6, Census Tract 152, Orange County, New York",105,41.4580897,-74.0841353
1000000US360710152006061,3.61E+14,"Block 6061, Block Group 6, Census Tract 152, Orange County, New York",105,41.456161,-74.0880991
1000000US360710127005005,3.61E+14,"Block 5005, Block Group 5, Census Tract 127, Orange County, New York",107,41.47373,-74.023668
1000000US360710152006047,3.61E+14,"Block 6047, Block Group 6, Census Tract 152, Orange County, New York",112,41.4602987,-74.0913271
1000000US360710152002037,3.61E+14,"Block 2037, Block Group 2, Census Tract 152, Orange County, New York",117,41.4613914,-74.1762332
1000000US360710152005004,3.61E+14,"Block 5004, Block Group 5, Census Tract 152, Orange County, New York",117,41.4538237,-74.121252
1000000US360710152006041,3.61E+14,"Block 6041, Block Group 6, Census Tract 152, Orange County, New York",119,41.4625965,-74.0894309
1000000US360710152006025,3.61E+14,"Block 6025, Block Group 6, Census Tract 152, Orange County, New York",120,41.468751,-74.0893435
1000000US360710128001006,3.61E+14,"Block 1006, Block Group 1, Census Tract 128, Orange County, New York",122,41.4728787,-74.0341867
1000000US360710152006069,3.61E+14,"Block 6069, Block Group 6, Census Tract 152, Orange County, New York",126,41.4498522,-74.0877471
1000000US360710126023010,3.61E+14,"Block 3010, Block Group 3, Census Tract 126.02, Orange County, New York",130,41.4579045,-74.053103
1000000US360710127001014,3.61E+14,"Block 1014, Block Group 1, Census Tract 127, Orange County, New York",132,41.4711904,-74.0453331
1000000US360710152003046,3.61E+14,"Block 3046, Block Group 3, Census Tract 152, Orange County, New York",133,41.4980288,-74.1045245
1000000US360710152004003,3.61E+14,"Block 4003, Block Group 4, Census Tract 152, Orange County, New York",134,41.4822505,-74.0944491
1000000US360710126023009,3.61E+14,"Block 3009, Block Group 3, Census Tract 126.02, Orange County, New York",134,41.4564613,-74.0516865
1000000US360710128001009,3.61E+14,"Block 1009, Block Group 1, Census Tract 128, Orange County, New York",136,41.4675585,-74.0432113
1000000US360710152004012,3.61E+14,"Block 4012, Block Group 4, Census Tract 152, Orange County, New York",137,41.487421,-74.0877303
1000000US360710152006002,3.61E+14,"Block 6002, Block Group 6, Census Tract 152, Orange County, New York",139,41.4738454,-74.0763795
1000000US360710126011004,3.61E+14,"Block 1004, Block Group 1, Census Tract 126.01, Orange County, New York",139,41.484194,-74.055059
1000000US360710152002000,3.61E+14,"Block 2000, Block Group 2, Census Tract 152, Orange County, New York",144,41.4745468,-74.1109213
1000000US360710152002014,3.61E+14,"Block 2014, Block Group 2, Census Tract 152, Orange County, New York",144,41.4633842,-74.1566637
1000000US360710126011010,3.61E+14,"Block 1010, Block Group 1, Census Tract 126.01, Orange County, New York",152,41.4834393,-74.05957
1000000US360710128004006,3.61E+14,"Block 4006, Block Group 4, Census Tract 128, Orange County, New York",153,41.464596,-74.0402192
1000000US360710152005013,3.61E+14,"Block 5013, Block Group 5, Census Tract 152, Orange County, New York",158,41.448558,-74.1169295
1000000US360710128003007,3.61E+14,"Block 3007, Block Group 3, Census Tract 128, Orange County, New York",158,41.4738928,-74.0138022
1000000US360710128004003,3.61E+14,"Block 4003, Block Group 4, Census Tract 128, Orange County, New York",159,41.4670143,-74.0406889
1000000US360710126023002,3.61E+14,"Block 3002, Block Group 3, Census Tract 126.02, Orange County, New York",160,41.4597565,-74.0562759
1000000US360710127005003,3.61E+14,"Block 5003, Block Group 5, Census Tract 127, Orange County, New York",165,41.4748697,-74.0215851
1000000US360710152006084,3.61E+14,"Block 6084, Block Group 6, Census Tract 152, Orange County, New York",170,41.4558906,-74.0683961
1000000US360710127002002,3.61E+14,"Block 2002, Block Group 2, Census Tract 127, Orange County, New York",173,41.4874184,-74.030265
1000000US360710128003025,3.61E+14,"Block 3025, Block Group 3, Census Tract 128, Orange County, New York",174,41.4604431,-74.0283939
1000000US360710152002006,3.61E+14,"Block 2006, Block Group 2, Census Tract 152, Orange County, New York",178,41.4730357,-74.1320714
1000000US360710127004012,3.61E+14,"Block 4012, Block Group 4, Census Tract 127, Orange County, New York",180,41.4820252,-74.018
1000000US360710152002030,3.61E+14,"Block 2030, Block Group 2, Census Tract 152, Orange County, New York",196,41.4618618,-74.135177
1000000US360710152002016,3.61E+14,"Block 2016, Block Group 2, Census Tract 152, Orange County, New York",198,41.4568761,-74.1470664
1000000US360710128002006,3.61E+14,"Block 2006, Block Group 2, Census Tract 128, Orange County, New York",199,41.469857,-74.0235876
1000000US360710128003037,3.61E+14,"Block 3037, Block Group 3, Census Tract 128, Orange County, New York",213,41.4608308,-74.041484
1000000US360710152005001,3.61E+14,"Block 5001, Block Group 5, Census Tract 152, Orange County, New York",214,41.4478302,-74.1264123
1000000US360710128001000,3.61E+14,"Block 1000, Block Group 1, Census Tract 128, Orange County, New York",215,41.4749685,-74.0361803
1000000US360710126022001,3.61E+14,"Block 2001, Block Group 2, Census Tract 126.02, Orange County, New York",216,41.453347,-74.051145
1000000US360710152006005,3.61E+14,"Block 6005, Block Group 6, Census Tract 152, Orange County, New York",217,41.4766478,-74.0810432
1000000US360710152005021,3.61E+14,"Block 5021, Block Group 5, Census Tract 152, Orange County, New York",220,41.4482746,-74.1107531
1000000US360710152006058,3.61E+14,"Block 6058, Block Group 6, Census Tract 152, Orange County, New York",223,41.4547212,-74.0895769
1000000US360710152004004,3.61E+14,"Block 4004, Block Group 4, Census Tract 152, Orange County, New York",242,41.4824854,-74.0922244
1000000US360710126023001,3.61E+14,"Block 3001, Block Group 3, Census Tract 126.02, Orange County, New York",260,41.4614663,-74.0576111
1000000US360710127004005,3.61E+14,"Block 4005, Block Group 4, Census Tract 127, Orange County, New York",271,41.4838031,-74.0141577
1000000US360710127003011,3.61E+14,"Block 3011, Block Group 3, Census Tract 127, Orange County, New York",273,41.4798401,-74.0253321
1000000US360710126012019,3.61E+14,"Block 2019, Block Group 2, Census Tract 126.01, Orange County, New York",290,41.4765339,-74.0575322
1000000US360710128002002,3.61E+14,"Block 2002, Block Group 2, Census Tract 128, Orange County, New York",294,41.4653553,-74.025792
1000000US360710126021000,3.61E+14,"Block 1000, Block Group 1, Census Tract 126.02, Orange County, New York",297,41.467769,-74.0501948
1000000US360710127005008,3.61E+14,"Block 5008, Block Group 5, Census Tract 127, Orange County, New York",314,41.4718226,-74.0207354
1000000US360710152001098,3.61E+14,"Block 1098, Block Group 1, Census Tract 152, Orange County, New York",323,41.4871306,-74.1159275
1000000US360710126012029,3.61E+14,"Block 2029, Block Group 2, Census Tract 126.01, Orange County, New York",345,41.4672437,-74.057185
1000000US360710126023000,3.61E+14,"Block 3000, Block Group 3, Census Tract 126.02, Orange County, New York",383,41.462578,-74.0567773
1000000US360710128002008,3.61E+14,"Block 2008, Block Group 2, Census Tract 128, Orange County, New York",482,41.4698297,-74.0318317
1000000US360710126021004,3.61E+14,"Block 1004, Block Group 1, Census Tract 126.02, Orange County, New York",490,41.4635675,-74.0481642
1000000US360710126012014,3.61E+14,"Block 2014, Block Group 2, Census Tract 126.01, Orange County, New York",492,41.4744048,-74.0496624
1000000US360710128003033,3.61E+14,"Block 3033, Block Group 3, Census Tract 128, Orange County, New York",496,41.4634337,-74.0353412
1000000US360710126022006,3.61E+14,"Block 2006, Block Group 2, Census Tract 126.02, Orange County, New York",531,41.4540112,-74.0523403
1000000US360710126011000,3.61E+14,"Block 1000, Block Group 1, Census Tract 126.01, Orange County, New York",737,41.4866711,-74.0469285
